location,avg_power
Sydney,4385543.959023286
Perth,4469510.432096476
