site_id,x,y,avg_power,extreme_type
1,107.58,88.9,41712.1,site_min
1,45,990,113751.64518962058,site_max
2,147.06,0,29411.69,site_min
2,250.37,1134.15,154356.49,site_max
3,287.64,798,61584.00972222221,site_min
3,995,0,109278,site_max
4,123.26,1272.05,38315.64,site_min
4,1276.12,0,109301.88,site_max
,147.06,0,29411.69,global_min
,250.37,1134.15,154356.49,global_max
