site_id,avg_power,min_power,max_power
1,3938246.455667426,3388944.15,4177658.97
2,7100862.29446199,6099480.37,7364527.68
3,4026608.458804843,3625434.37,4145252.22
4,7167216.662182929,6506096.43,7400500.79
