energy_mw,proportion
3.3,0.06617304330938047
3.6,12.948141220508665
3.8,357.07846089098564
4.0,1173.187233488789
4.2,46.769991357036545
6.0,0.10925175209564382
6.3,0.6555105125738628
6.5,11.049650566460233
6.7,105.26495865031829
6.9,245.96509623853913
7.2,999.0678706433661
7.4,227.9376616365918
